"19019","Philadelphia","Pennsylvania"
"19092","Philadelphia","Pennsylvania"
"19093","Philadelphia","Pennsylvania"
"19099","Philadelphia","Pennsylvania"
"19101","Philadelphia","Pennsylvania"
"19102","Philadelphia","Pennsylvania"
"19103","Philadelphia","Pennsylvania"
"19104","Philadelphia","Pennsylvania"
"19105","Philadelphia","Pennsylvania"
"19106","Philadelphia","Pennsylvania"
"19107","Philadelphia","Pennsylvania"
"19108","Philadelphia","Pennsylvania"
"19109","Philadelphia","Pennsylvania"
"19110","Philadelphia","Pennsylvania"
"19111","Philadelphia","Pennsylvania"
"19112","Philadelphia","Pennsylvania"
"19114","Philadelphia","Pennsylvania"
"19115","Philadelphia","Pennsylvania"
"19116","Philadelphia","Pennsylvania"
"19118","Philadelphia","Pennsylvania"
"19119","Philadelphia","Pennsylvania"
"19120","Philadelphia","Pennsylvania"
"19121","Philadelphia","Pennsylvania"
"19122","Philadelphia","Pennsylvania"
"19123","Philadelphia","Pennsylvania"
"19124","Philadelphia","Pennsylvania"
"19125","Philadelphia","Pennsylvania"
"19126","Philadelphia","Pennsylvania"
"19127","Philadelphia","Pennsylvania"
"19128","Philadelphia","Pennsylvania"
"19129","Philadelphia","Pennsylvania"
"19130","Philadelphia","Pennsylvania"
"19131","Philadelphia","Pennsylvania"
"19132","Philadelphia","Pennsylvania"
"19133","Philadelphia","Pennsylvania"
"19134","Philadelphia","Pennsylvania"
"19135","Philadelphia","Pennsylvania"
"19136","Philadelphia","Pennsylvania"
"19137","Philadelphia","Pennsylvania"
"19138","Philadelphia","Pennsylvania"
"19139","Philadelphia","Pennsylvania"
"19140","Philadelphia","Pennsylvania"
"19141","Philadelphia","Pennsylvania"
"19142","Philadelphia","Pennsylvania"
"19143","Philadelphia","Pennsylvania"
"19144","Philadelphia","Pennsylvania"
"19145","Philadelphia","Pennsylvania"
"19146","Philadelphia","Pennsylvania"
"19147","Philadelphia","Pennsylvania"
"19148","Philadelphia","Pennsylvania"
"19149","Philadelphia","Pennsylvania"
"19150","Philadelphia","Pennsylvania"
"19151","Philadelphia","Pennsylvania"
"19152","Philadelphia","Pennsylvania"
"19153","Philadelphia","Pennsylvania"
"19154","Philadelphia","Pennsylvania"
"19155","Philadelphia","Pennsylvania"
"19160","Philadelphia","Pennsylvania"
"19161","Philadelphia","Pennsylvania"
"19162","Philadelphia","Pennsylvania"
"19170","Philadelphia","Pennsylvania"
"19171","Philadelphia","Pennsylvania"
"19172","Philadelphia","Pennsylvania"
"19173","Philadelphia","Pennsylvania"
"19175","Philadelphia","Pennsylvania"
"19176","Philadelphia","Pennsylvania"
"19177","Philadelphia","Pennsylvania"
"19178","Philadelphia","Pennsylvania"
"19179","Philadelphia","Pennsylvania"
"19181","Philadelphia","Pennsylvania"
"19182","Philadelphia","Pennsylvania"
"19183","Philadelphia","Pennsylvania"
"19184","Philadelphia","Pennsylvania"
"19185","Philadelphia","Pennsylvania"
"19187","Philadelphia","Pennsylvania"
"19188","Philadelphia","Pennsylvania"
"19191","Philadelphia","Pennsylvania"
"19192","Philadelphia","Pennsylvania"
"19193","Philadelphia","Pennsylvania"
"19194","Philadelphia","Pennsylvania"
"19195","Philadelphia","Pennsylvania"
"19196","Philadelphia","Pennsylvania"
"19197","Philadelphia","Pennsylvania"
"19244","Philadelphia","Pennsylvania"
"19255","Philadelphia","Pennsylvania"